Designator,Footprint,Quantity,Value,LCSC Part #
R5,R_0603_1608Metric,1,330R,
RN1,R_Array_Convex_4x0603,1,22R,
U4,SOT-23-6,1,USBLC6-2SC6,
R1,R_0603_1608Metric,1,10K,
C1,C_0603_1608Metric,1,100nF,
C3,C_0603_1608Metric,1,100nF,
R8,R_0603_1608Metric,1,330R,
R7,R_0603_1608Metric,1,5.1K,
Y1,Crystal_SMD_3225-4Pin_3.2x2.5mm,1,8M/20pF,
J1,2.54_1X5,1,Conn_01x05,
C10,C_0603_1608Metric,1,1uf,
R6,R_0603_1608Metric,1,5.1K,
R9,R_0603_1608Metric,1,1.5K,
J3,PinHeader_1x04_P1.27mm_Vertical,1,Conn_01x04,
C5,C_0603_1608Metric,1,100nF,
U3,SOT-23-5_L3.0-W1.7-P0.95-LS2.8-BR,1,RT9013-33GB,
C6,C_0603_1608Metric,1,10uF,
R4,R_0603_1608Metric,1,330R,
R3,R_0603_1608Metric,1,100R,
BOOT0,Short_0603,1,短接,
R2,R_0603_1608Metric,1,10K,
C8,C_0603_1608Metric,1,20pF,
D2,LED_0603_1608Metric,1,LED,
U2,LQFP-48_7x7mm_P0.5mm,1,AIR32F103CBT6-LQFP48,
C2,C_0603_1608Metric,1,100nF,
C9,C_0603_1608Metric,1,1uf,
C7,C_0603_1608Metric,1,20pF,
D3,LED_0603_1608Metric,1,LED,
D1,LED_0603_1608Metric,1,LED,
USB1,USB-C-SMD_TYPE-C16PIN_C668624,1,TYPE-C_16P(073),
C4,C_0603_1608Metric,1,100nF,
J2,2.54_1X5,1,Conn_01x05,
